{"api": "2.0", "content": {"html": "<h1 id='0' style='font-size:22px'>부동산 임대차계약서</h1>\n<br><h1 id='1' style='font-size:14px'>부동산의 표시 : 충남 천안시 동남구 문암4길 10-23 에벤에셀 (207호)</h1>\n<br><p id='2' data-category='paragraph' style='font-size:14px'>위 부동산에 대하여 임대인과 임차인은 합의에 의하여 다음과 같이 임대차 계약을 체결 한다<br>제1조(보증금 및 지급 시기〕 부동산의 임대차에 있어 임차인은 임대차 보증금 및 차임을 아래와 같이<br>약정하고 그 지불시기는 다음과 같다.</p>\n<br><table id='3' style='font-size:18px'><thead></thead><tbody><tr><td>보증금</td><td>一金 삼십만 원整(300 050 원)</td></tr><tr><td>년 세</td><td>一金 오배파 △가원整( 1800. 00원)</td></tr><tr><td>계약금</td><td>一金 이박 십 만원整(2400,080 원) 은 계약시에 지불하고 영수함.</td></tr><tr><td>잔 금</td><td>一金 삼백이십0원整(3200. 000원)2(년 1 월32일에 지불한다.</td></tr></tbody></table>\n<br><p id='4' data-category='paragraph' style='font-size:16px'>제2조(존속기간) 임대인은 위 부동산을 임대차 목적대로 사용 수익할 수 있는 상태로2026 년그 월 1 일<br>까지 임차인에게 인도하며, 임차 기간은 인도일로부터2026 년12월 일(종강)일까지로 한다.<br>제3조(용도변경 및 전대 등) 임차인은 임대인의 동의 없이는 위 부동산의 용도나 구조변경 등을 변경<br>하거나 전대, 임차권 양도 또는 담보제공을 하지 못하며 임대차 목적 이외의 용도에 사용할 수<br>없다. 시설물을 파손 또는 훼손 시는 임차인은 원상회복 하여야하며 변상한다.<br>제4조(계약의 해지)1. 임차인이 제3조에 위반하였을 때는 임대인은 즉시 본 계약을 해지할 수 있다.<br>2. 계약 후 임차인이 해지 시 임차인은 계약금 및 중도금(잔금)포기하며 임대인 해지시<br>계약금의 배액으로 지불하고, 이 계약을 해지할 수 있다.<br>제5조(계약의 종료〕 임대차계약 이 종료한 경우 임차인은 위 부동산을 원상으로 회복하여 임대인에게<br>반환한다. 임대인은 계약 종료 후 보증금을 임차인에게 반환하고 연체 공공요금 또는 손해배상<br>금액이 있을 때는 이들을 공제하고 그 잔액을 반환한다.<br>제6조(전기료) 20 7) 호에서 사용한 전기료는 임차인이 한전에 납부한다.<br>전기료 미납으로 인하여 한전의 사용중지(단전) 하였을 경우 재신청에 드는 비용은 임대인이<br>배상한다.<br>제7조[도시가스료] (2017) 호에서 사용한 도시가스료는 임차인이 도시가스공사에 납부한다.<br>제8조(공공질서의 의무〕 풍기문란 및 쓰레기 투기을 하였을 경우 제재을 받는다.<br>제9조〔타인의 출입) 23:00 이후 타인의 출입을 통제한다.<br>제10조[임차인의 의무] 계약자 이외에의 다른 사람 이 입주하여 생활할 경우는 입대인과 협의하여 1인<br>추가 입주 시 원을 지불하여야 한다.<br>제11조 [손 배상] 장판 및 기물파손 또는 화장실 막임 시 수리비를 배상하여야 한다.<br>제12조(동물의 사용금지) 집안에는 애완동물을 키우지 못한다.<br>제13조 〔퇴실〕임대만기후 퇴실시 청소비 오만원을 임차인에게 지불한다<br>제13조[협조 사항] 수리공사 시 협조한다.</p>\n<br><table id='5' style='font-size:16px'><thead></thead><tbody><tr><td rowspan=\"2\">임대인</td><td>주 소</td><td>충남 천안시 동남구 문암4길10-23(안서동)</td><td>성 명</td><td>허경숙 (인)</td></tr><tr><td>주민등록번호</td><td>530819-2384613</td><td>전화번호</td><td>010-9259-5655</td></tr><tr><td rowspan=\"3\">임차인 (1)</td><td>주 소</td><td>천안시 동남구 신방동 성지새알아파트 202동2101호</td><td>성 명</td><td>장예술</td></tr><tr><td>주민등록번호</td><td>030113- 4475918</td><td>핸 드 폰</td><td>010-8976-3592</td></tr><tr><td>학 부</td><td>기독교 학부 3 년</td><td></td><td></td></tr><tr><td rowspan=\"3\">임차인 (2)</td><td>주 소</td><td>경기도양주시 덕정동 조은마을주공6단지</td><td>606동 성 명 14이호</td><td>전수진</td></tr><tr><td>주민등록번호</td><td>030120 - 4238811</td><td>핸 드 폰</td><td>010 -2107-3518</td></tr><tr><td>학 부</td><td>기독교 학부 3 년</td><td></td><td></td></tr><tr><td>비고</td><td colspan=\"4\">전자렌지*1 TV*1 ,메트리스2 책상*2 냉장고* 에어콘*1</td></tr></tbody></table>\n<p id='6' data-category='paragraph' style='font-size:18px'>본 계약에 대하여 임대인과 임차인은 이의 없음을 확인하고 각자 서명 또는 날인 후 임대인, 임차인<br>각 1통씩 보관한다.</p>\n<br><footer id='7' style='font-size:20px'>2025년 12월22일</footer>", "markdown": "", "text": ""}, "elements": [{"category": "heading1", "content": {"html": "<h1 id='0' style='font-size:22px'>부동산 임대차계약서</h1>", "markdown": "", "text": ""}, "coordinates": [{"x": 0.3586, "y": 0.0961}, {"x": 0.6204, "y": 0.0961}, {"x": 0.6204, "y": 0.1198}, {"x": 0.3586, "y": 0.1198}], "id": 0, "page": 1}, {"category": "heading1", "content": {"html": "<br><h1 id='1' style='font-size:14px'>부동산의 표시 : 충남 천안시 동남구 문암4길 10-23 에벤에셀 (207호)</h1>", "markdown": "", "text": ""}, "coordinates": [{"x": 0.1442, "y": 0.1131}, {"x": 0.6536, "y": 0.1131}, {"x": 0.6536, "y": 0.1341}, {"x": 0.1442, "y": 0.1341}], "id": 1, "page": 1}, {"category": "paragraph", "content": {"html": "<br><p id='2' data-category='paragraph' style='font-size:14px'>위 부동산에 대하여 임대인과 임차인은 합의에 의하여 다음과 같이 임대차 계약을 체결 한다<br>제1조(보증금 및 지급 시기〕 부동산의 임대차에 있어 임차인은 임대차 보증금 및 차임을 아래와 같이<br>약정하고 그 지불시기는 다음과 같다.</p>", "markdown": "", "text": ""}, "coordinates": [{"x": 0.1473, "y": 0.1302}, {"x": 0.8618, "y": 0.1302}, {"x": 0.8618, "y": 0.1794}, {"x": 0.1473, "y": 0.1794}], "id": 2, "page": 1}, {"category": "table", "content": {"html": "<br><table id='3' style='font-size:18px'><thead></thead><tbody><tr><td>보증금</td><td>一金 삼십만 원整(300 050 원)</td></tr><tr><td>년 세</td><td>一金 오배파 △가원整( 1800. 00원)</td></tr><tr><td>계약금</td><td>一金 이박 십 만원整(2400,080 원) 은 계약시에 지불하고 영수함.</td></tr><tr><td>잔 금</td><td>一金 삼백이십0원整(3200. 000원)2(년 1 월32일에 지불한다.</td></tr></tbody></table>", "markdown": "", "text": ""}, "coordinates": [{"x": 0.148, "y": 0.1741}, {"x": 0.8447, "y": 0.1741}, {"x": 0.8447, "y": 0.2628}, {"x": 0.148, "y": 0.2628}], "id": 3, "page": 1}, {"category": "paragraph", "content": {"html": "<br><p id='4' data-category='paragraph' style='font-size:16px'>제2조(존속기간) 임대인은 위 부동산을 임대차 목적대로 사용 수익할 수 있는 상태로2026 년그 월 1 일<br>까지 임차인에게 인도하며, 임차 기간은 인도일로부터2026 년12월 일(종강)일까지로 한다.<br>제3조(용도변경 및 전대 등) 임차인은 임대인의 동의 없이는 위 부동산의 용도나 구조변경 등을 변경<br>하거나 전대, 임차권 양도 또는 담보제공을 하지 못하며 임대차 목적 이외의 용도에 사용할 수<br>없다. 시설물을 파손 또는 훼손 시는 임차인은 원상회복 하여야하며 변상한다.<br>제4조(계약의 해지)1. 임차인이 제3조에 위반하였을 때는 임대인은 즉시 본 계약을 해지할 수 있다.<br>2. 계약 후 임차인이 해지 시 임차인은 계약금 및 중도금(잔금)포기하며 임대인 해지시<br>계약금의 배액으로 지불하고, 이 계약을 해지할 수 있다.<br>제5조(계약의 종료〕 임대차계약 이 종료한 경우 임차인은 위 부동산을 원상으로 회복하여 임대인에게<br>반환한다. 임대인은 계약 종료 후 보증금을 임차인에게 반환하고 연체 공공요금 또는 손해배상<br>금액이 있을 때는 이들을 공제하고 그 잔액을 반환한다.<br>제6조(전기료) 20 7) 호에서 사용한 전기료는 임차인이 한전에 납부한다.<br>전기료 미납으로 인하여 한전의 사용중지(단전) 하였을 경우 재신청에 드는 비용은 임대인이<br>배상한다.<br>제7조[도시가스료] (2017) 호에서 사용한 도시가스료는 임차인이 도시가스공사에 납부한다.<br>제8조(공공질서의 의무〕 풍기문란 및 쓰레기 투기을 하였을 경우 제재을 받는다.<br>제9조〔타인의 출입) 23:00 이후 타인의 출입을 통제한다.<br>제10조[임차인의 의무] 계약자 이외에의 다른 사람 이 입주하여 생활할 경우는 입대인과 협의하여 1인<br>추가 입주 시 원을 지불하여야 한다.<br>제11조 [손 배상] 장판 및 기물파손 또는 화장실 막임 시 수리비를 배상하여야 한다.<br>제12조(동물의 사용금지) 집안에는 애완동물을 키우지 못한다.<br>제13조 〔퇴실〕임대만기후 퇴실시 청소비 오만원을 임차인에게 지불한다<br>제13조[협조 사항] 수리공사 시 협조한다.</p>", "markdown": "", "text": ""}, "coordinates": [{"x": 0.1037, "y": 0.2584}, {"x": 0.9148, "y": 0.2584}, {"x": 0.9148, "y": 0.6526}, {"x": 0.1037, "y": 0.6526}], "id": 4, "page": 1}, {"category": "table", "content": {"html": "<br><table id='5' style='font-size:16px'><thead></thead><tbody><tr><td rowspan=\"2\">임대인</td><td>주 소</td><td>충남 천안시 동남구 문암4길10-23(안서동)</td><td>성 명</td><td>허경숙 (인)</td></tr><tr><td>주민등록번호</td><td>530819-2384613</td><td>전화번호</td><td>010-9259-5655</td></tr><tr><td rowspan=\"3\">임차인 (1)</td><td>주 소</td><td>천안시 동남구 신방동 성지새알아파트 202동2101호</td><td>성 명</td><td>장예술</td></tr><tr><td>주민등록번호</td><td>030113- 4475918</td><td>핸 드 폰</td><td>010-8976-3592</td></tr><tr><td>학 부</td><td>기독교 학부 3 년</td><td></td><td></td></tr><tr><td rowspan=\"3\">임차인 (2)</td><td>주 소</td><td>경기도양주시 덕정동 조은마을주공6단지</td><td>606동 성 명 14이호</td><td>전수진</td></tr><tr><td>주민등록번호</td><td>030120 - 4238811</td><td>핸 드 폰</td><td>010 -2107-3518</td></tr><tr><td>학 부</td><td>기독교 학부 3 년</td><td></td><td></td></tr><tr><td>비고</td><td colspan=\"4\">전자렌지*1 TV*1 ,메트리스2 책상*2 냉장고* 에어콘*1</td></tr></tbody></table>", "markdown": "", "text": ""}, "coordinates": [{"x": 0.0864, "y": 0.6538}, {"x": 0.9174, "y": 0.6538}, {"x": 0.9174, "y": 0.8622}, {"x": 0.0864, "y": 0.8622}], "id": 5, "page": 1}, {"category": "paragraph", "content": {"html": "<p id='6' data-category='paragraph' style='font-size:18px'>본 계약에 대하여 임대인과 임차인은 이의 없음을 확인하고 각자 서명 또는 날인 후 임대인, 임차인<br>각 1통씩 보관한다.</p>", "markdown": "", "text": ""}, "coordinates": [{"x": 0.0855, "y": 0.8878}, {"x": 0.9229, "y": 0.8878}, {"x": 0.9229, "y": 0.9261}, {"x": 0.0855, "y": 0.9261}], "id": 6, "page": 1}, {"category": "footer", "content": {"html": "<br><footer id='7' style='font-size:20px'>2025년 12월22일</footer>", "markdown": "", "text": ""}, "coordinates": [{"x": 0.414, "y": 0.9264}, {"x": 0.5662, "y": 0.9264}, {"x": 0.5662, "y": 0.9491}, {"x": 0.414, "y": 0.9491}], "id": 7, "page": 1}], "model": "document-parse-251217", "ocr": true, "usage": {"enhanced": [1], "pages": 1}}